,id,description,url,types,topics,levels
0,1,South Florida's Best Meetups on Youtube,https://www.youtube.com/bocajs,['tutorial'],"['js', 'html']","['beginner', 'intermediate', 'advanced']"
1,2,BocaJS - South Florida's Largest Developer Meetup,https://Meetup.com/bocajs,['meeting'],"['js', 'html']","['beginner', 'intermediate', 'advanced']"
2,3,Palm Beach Javascript,https://www.youtube.com/palm-beach-js,['meeting'],"['js', 'html']","['beginner', 'intermediate', 'advanced']"
3,4,35 Useful CSS3 Tutorials To Boost Your Skills,http://www.tripwiremagazine.com/2012/06/css3-tutorials.html,['tutorial'],"['html', 'css']","['beginner', 'intermediate', 'advanced']"
4,5,5 more ways to start learning how to code right now for free,http://thenextweb.com/dd/2012/02/02/5-more-ways-to-start-learning-how-to-code-right-now-for-free,"['reference', 'blog post']","['learn to code', 'computer science', 'general programming']",['beginner']
5,6,5 Ways To Learn Code From The Comfort Of Your Own Browser,http://techcrunch.com/2012/08/21/5-ways-to-learn-code-from-the-comfort-of-your-own-browser,"['reference', 'blog post']",['learn to code'],['beginner']
6,7,Academy RPA UiPath,https://academy.uipath.com/learn/course/external/view/elearning/638/RPAStarterTraining?utm_source=girls-who-code&utm_medium=link&utm_campaign=ET19ACD&utm_term=womenwhocode,['interactive course'],"['general programming', 'computer science', 'learn to code']",['beginner']
7,8,"Also, Why I'm learning to code",http://also.roybahat.com/post/11574823708/why-im-learning-to-code,"['reference', 'blog post']",['learn to code'],"['beginner', 'intermediate', 'advanced']"
8,9,Alternate Java Programming Style Guide from JavaRanch,http://www.javaranch.com/style.jsp,['style guide'],['java'],"['beginner', 'intermediate', 'advanced']"
9,10,Apple Human Interface Guidelines,https://developer.apple.com/design/resources,"['article', 'book']",['iOS App Development'],['intermediate']
10,11,Atlassian Git Tutorials,https://www.atlassian.com/git,['tutorial'],['git'],"['beginner', 'intermediate']"
11,12,Automate the Boring Stuff with Python,https://automatetheboringstuff.com,['tutorial'],['python'],['beginner']
12,13,AWS Events & Webinars,https://aws.amazon.com/about-aws/events,['reference'],"['aws', 'cloud']",['beginner']
13,14,AWS Loft Talk An Engineer's Tour of the Internet of Things (Sep 2015 video),https://www.youtube.com/watch?v=yElH0mGzEkE,['video'],['iot'],"['beginner', 'intermediate', 'advanced']"
14,15,Babel's ECMAScript 6 tutorial,http://babeljs.io/docs/learn-es2015,['tutorial'],['javascript'],"['beginner', 'intermediate']"
15,16,Bug Bounties 101 - Getting Started,https://fin1te.net/articles/bug-bounties-101-getting-started,"['guide', 'reference']","['security', 'bug']","['beginner', 'intermediate']"
16,17,Bugcrowd blog - for bug bounty community,https://blog.bugcrowd.com,['blog'],"['security', 'bug']","['beginner', 'intermediate']"
17,18,Build Cross Browser Extensions in Minutes - Crossrider.com,https://crossrider.com,['product'],"['html', 'css']","['intermediate', 'advanced']"
18,19,BuildingWebApps.com,http://www.buildingwebapps.com,"['tutorial', 'reference']","['html', 'css', 'ruby']","['beginner', 'intermediate']"
19,20,BuildItSecure.ly,https://builditsecure.ly/#resources,"['guide', 'reference']",['iot'],"['beginner', 'intermediate', 'advanced']"
20,21,BuildItSecure.ly - talk introducing initiative - initiative mentioned at 37:36,https://www.youtube.com/watch?v=WHdU4LutBGU&feature=youtu.be,['video'],['iot'],"['beginner', 'intermediate', 'advanced']"
21,22,BYTE: A Special issue on Smalltalk,https://archive.org/details/byte-magazine-1981-08,['reference'],['smalltalk'],"['beginner', 'intermediate']"
22,23,C/C++ Reference,http://en.cppreference.com/w,['reference'],['c++'],"['beginner', 'intermediate', 'advanced']"
23,24,Code academy,http://www.codecademy.com/en/tracks/javascript,['tutorial'],['javascript'],"['beginner', 'intermediate']"
24,25,Codecademy,https://www.codecademy.com,"['lab', 'interactive course', 'tutorial']","['rails', 'sql', 'angularjs', 'python', 'php', 'java', 'html', 'css', 'javascript', 'git', 'ruby']",['beginner']
25,26,Codecademy.com,https://www.codecademy.com/#!/exercise/0,"['school', 'training']",['schools'],"['beginner', 'intermediate', 'advanced']"
26,27,Codecademy is now teaching Python!,https://www.codecademy.com/learn/python,['tutorial'],['python'],"['beginner', 'intermediate']"
27,28,Codecademy - Ruby,https://www.codecademy.com/learn/ruby,['tutorial'],['ruby'],"['beginner', 'intermediate']"
28,29,Codecademy - Ruby Track,https://www.codecademy.com/tracks/ruby,"['interactive course', 'tutorial']","['ruby', 'learn to code']","['intermediate', 'beginner']"
29,30,Codecademy's Learn SQL,https://www.codecademy.com/learn/learn-sql,['tutorial'],['sql'],"['beginner', 'intermediate']"
30,31,CodeEval - Evaluations Made Easy,https://www.codeeval.com,['help forum'],['misc'],"['beginner', 'intermediate', 'advanced']"
31,32,CodeMentor.io Go Tutorial,https://www.codementor.io/go,"['video', 'tutorial']",['Go'],"['beginner', 'intermediate', 'advanced']"
32,33,CodePath iOS Guides,http://guides.codepath.com/ios,['tutorial'],['iOS'],"['beginner', 'intermediate']"
33,34,CodePath iOS Guides for Designers,http://guides.codepath.com/ios/Designer-Guides,['tutorial'],['iOS'],"['beginner', 'intermediate']"
34,35,CodePath YouTube playlists,https://www.youtube.com/channel/UCvrvJyrx7ebh02wuOId11HA/playlists,['video'],['iOS'],"['beginner', 'intermediate']"
35,36,CodePen - scope out cool ideas for html/css/js projects,http://codepen.io,['code projects'],['javascript'],"['beginner', 'intermediate']"
36,37,Coder Projects,http://googlecreativelab.github.io/coder-projects,['code projects'],['general programming'],"['beginner', 'intermediate']"
37,38,Code School,https://www.codeschool.com,"['podcast', 'video', 'tutorial']","['objective-c', 'rails', 'sql', 'iOS', 'html', 'css', 'javascript', 'git', 'ruby']","['advanced', 'intermediate', 'beginner']"
38,39,Code School - Discover Chrome DevTools,http://discover-devtools.codeschool.com,['tools'],['misc'],"['beginner', 'intermediate', 'advanced']"
39,40,Code School: Rails for Zombies,http://railsforzombies.org,"['tutorial', 'video']",['ruby'],"['beginner', 'intermediate']"
40,41,Code School's Try Objective-C,https://www.codeschool.com/courses/try-objective-c,['tutorial'],['iOS'],"['beginner', 'intermediate']"
41,42,Code School - Try Git (in-browser),https://try.github.io/levels/1/challenges/1,"['interactive', 'practice']",['git'],"['beginner', 'intermediate']"
42,43,Code School - Try R,https://www.codeschool.com/courses/try-r,['tutorial'],['data'],"['beginner', 'intermediate']"
43,44,CodingBat Java practice problems,http://codingbat.com/java,"['quiz', 'tutorial', 'practice problems']",['java'],"['beginner', 'intermediate']"
44,45,CodingBat Python practice problems,http://codingbat.com/python,['practice problems'],['python'],"['beginner', 'intermediate']"
45,46,Collaborating to Win -- presentation on Collaborative CTF Infrastructure (video),https://www.youtube.com/watch?v=6X3xSsoqoFw,['video'],"['security', 'ctf']","['beginner', 'intermediate']"
46,47,Collaborating to Win -- write up of talk with links,http://lockboxx.blogspot.com/2015/11/cooperative-infrastructure-for-security.html,['reference'],"['security', 'ctf']","['beginner', 'intermediate']"
47,48,Computer Programming using GNU Smalltalk,http://www.canol.info/books/computer_programming_using_gnu_smalltalk,['book'],['smalltalk'],"['beginner', 'intermediate']"
48,49,Computer Science: Free Courses,http://www.openculture.com/computer_science_free_courses,['reference'],"['learn to code', 'computer science', 'general programming']","['beginner', 'intermediate', 'advanced']"
49,50,Coursera Python,https://www.coursera.org/course/interactivepython1,['tutorial'],['python'],"['beginner', 'intermediate']"
50,51,Coursera - The Data Scientistâ€™s Toolbox (John Hopkin's University),https://www.coursera.org/learn/data-scientists-tools,['tutorial'],['data'],"['beginner', 'intermediate']"
51,52,Cracking the Coding Interview,http://www.amazon.com/Cracking-Coding-Interview-Programming-Questions/dp/098478280X,['book'],"['general programming', 'inteview']","['beginner', 'intermediate']"
52,53,CSS Diner: Select the Plates,http://flukeout.github.io,"['game', 'interactive course']",['css'],['intermediate']
53,54,CSS Grids and Flexbox for Responsive Web Design,https://frontendmasters.com/courses/css-grids-flexbox,"['video', 'tutorial']",['css'],['beginner']
54,55,CSS Selectors,http://benhowdle.im/cssselectors,['reference'],['css'],['intermediate']
55,56,CTF Field Guide,http://trailofbits.github.io/ctf/index.html,"['guide', 'reference']","['security', 'ctf']","['beginner', 'intermediate']"
56,57,ctftime.org,https://ctftime.org,['challenges'],"['security', 'ctf']","['beginner', 'intermediate']"
57,58,Dash: General Assembly,https://dash.generalassemb.ly,"['lab', 'interactive course', 'tutorial']","['html', 'css', 'javascript']",['beginner']
58,59,Deep JavaScript Foundations,https://frontendmasters.com/courses/deep-javascript-v3,"['video', 'tutorial']",['javascript'],['intermediate']
59,60,DesignCode,https://designcode.io,['video reference tutorial'],['Xcode vue AdobeXD Sketch mobile app development React swift iOS'],['intermediate']
60,61,Developing Apps for iOS (SD),https://itunes.apple.com/itunes-u/developing-apps-for-ios-sd/id395631522,"['podcast', 'video', 'tutorial']",['iOS'],"['beginner', 'intermediate']"
61,62,Developing iOS 7 Apps with Objective-C,https://itunes.apple.com/us/course/developing-ios-7-apps-for/id733644550,"['podcast', 'tutorial']",['iOS'],"['intermediate', 'advanced']"
62,63,Developing iOS 8 Apps with Swift,https://itunes.apple.com/us/course/developing-ios-8-apps-swift/id961180099,"['podcast', 'tutorial']","['iOS', 'swift']","['intermediate', 'advanced']"
63,64,Eclipse.org - IoT - includes Connected Greenhouse tutorial (uses Java language),http://iot.eclipse.org/getting-started,['tutorial'],['iot'],"['beginner', 'intermediate', 'advanced']"
64,65,edX - Big Data in Education (Teachers College | Columbia University),https://www.edx.org/course/big-data-education-teacherscollegex-bde1x,['tutorial'],['data'],"['beginner', 'intermediate']"
65,66,edX - Explore statistics with R,https://www.edx.org/course/explore-statistics-r-kix-kiexplorx-0,['tutorial'],['data'],"['beginner', 'intermediate']"
66,67,Effective Go,https://golang.org/doc/effective_go.html,"['tutorial', 'book']",['Go'],"['beginner', 'intermediate', 'advanced']"
67,68,Eloquent JavaScript,http://eloquentjavascript.net,['book'],['javascript'],"['intermediate', 'beginner']"
68,69,Embedded Device Hacking Blog,http://www.devttys0.com/blog,['blog'],"['security', 'bug']","['beginner', 'intermediate']"
69,70,Enjoy CSS.com,http://enjoycss.com,"['lab', 'interactive course']",['css'],['intermediate']
70,71,Exercism,http://www.exercism.io,"['quiz', 'tutorial', 'practice problems']",['general programming'],"['beginner', 'intermediate']"
71,72,Flatiron iOS pre-work,https://learn.co/signup,['tutorial'],['iOS'],"['beginner', 'intermediate']"
72,73,Free Code Camp,http://www.freecodecamp.com,['code projects'],['javascript'],"['beginner', 'intermediate']"
73,74,Full Stack Python,https://www.fullstackpython.com,['tutorial'],['python'],"['beginner', 'intermediate']"
74,75,Getting Started in Information Security (Reddit wiki),https://www.reddit.com/r/netsec/wiki/start,"['reference', 'blog post']",['security'],"['beginner', 'intermediate']"
75,76,Git for Non-Developers,http://anitacheng.com/git-for-non-developers,['tutorial'],['git'],"['beginner', 'intermediate']"
76,77,GitHub - Git Cheat Sheet (pdf),https://training.github.com/kit/downloads/github-git-cheat-sheet.pdf,['cheatsheet'],['git'],"['beginner', 'intermediate']"
77,78,Git-it - intro Git/Github tutorial,https://github.com/jlord/git-it,['tutorial'],['git'],"['beginner', 'intermediate']"
78,79,GNU Smalltalk User's Guide,https://www.gnu.org/software/smalltalk/manual/html_node/Tutorial.html,['tutorial'],['smalltalk'],"['beginner', 'intermediate']"
79,80,Go Language Tour,http://tour.golang.org/welcome/1,['tutorial'],['Go'],"['beginner', 'intermediate']"
80,81,Google Java Style,https://google.github.io/styleguide/javaguide.html,['style guide'],['java'],"['beginner', 'intermediate', 'advanced']"
81,82,Google's C++ Class,https://developers.google.com/edu/c++,['tutorial'],['c++'],"['beginner', 'intermediate']"
82,83,Hacker Rank,https://www.hackerrank.com,"['tutorial', 'practice problems']",['javascript'],"['beginner', 'intermediate']"
83,84,Hacking with Swift,https://www.hackingwithswift.com,"['video', 'book', 'tutorial']","['swiftUI', 'mobile app development', 'swift', 'iOS']",['intermediate']
84,85,Head First Java,http://www.headfirstlabs.com/books/hfjava,['book'],['java'],"['beginner', 'intermediate']"
85,86,HTML & CSS,http://www.amazon.com/HTML-CSS-Design-Build-Websites/dp/1118008189,['book'],"['html', 'css']","['intermediate', 'beginner']"
86,87,InfoSec consulting companies - Ask Us Anything (2014 edition),https://www.reddit.com/r/netsec/comments/202bsf/hey_guys_we_run_five_infosec_consulting_companies/?sort=old&limit=500,"['reference', 'blog post']",['security'],"['beginner', 'intermediate']"
87,88,InfoSec consulting companies - Ask Us Anything (2015 edition),https://www.reddit.com/r/netsec/comments/3k9ul8/we_run_five_infosec_consulting_companies_ask_us/?sort=qa&limit=500,"['reference', 'blog post']",['security'],"['beginner', 'intermediate']"
88,89,Install Rails,http://guides.railsgirls.com/install,['tutorial'],['ruby'],"['beginner', 'intermediate']"
89,90,iOS Programming: The Big Nerd Ranch Guide (4th Edition):,http://www.amazon.com/iOS-Programming-Ranch-Edition-Guides/dp/0321942051,['book'],['iOS'],"['beginner', 'intermediate']"
90,91,JavaScript Algorithms and Data Structures,https://github.com/trekhleb/javascript-algorithms#readme,"['reference', 'tutorial']",['css'],['intermediate']
91,92,Javascript and HTML5 Now - short overview of modern JS. ,http://www.oreilly.com/programming/free/javascript-html5-now.csp,['book'],['javascript'],"['beginner', 'intermediate']"
92,93,JavaScript & JQuery,http://www.amazon.com/JavaScript-JQuery-Interactive-Front-End-Development/dp/1118531647,['book'],['javascript'],"['intermediate', 'beginner']"
93,94,Javascript The Good Parts,http://www.amazon.com/JavaScript-Good-Parts-Douglas-Crockford/dp/0596517742,['book'],['javascript'],"['advanced', 'intermediate']"
94,95,Khan Academy,https://www.khanacademy.org/computing/computer-programming/programming,"['tutorial', 'reference']",['javascript'],"['beginner', 'intermediate']"
95,96,Khan Academy's Intro to SQL,https://www.khanacademy.org/computing/computer-programming/sql,['tutorial'],['sql'],"['beginner', 'intermediate']"
96,97,Learn C++,http://www.learncpp.com,['tutorial'],['c++'],"['beginner', 'intermediate']"
97,98,Learn C The Hard Way,http://c.learncodethehardway.org,['book'],['c'],"['beginner', 'intermediate']"
98,99,Learn Git Branching,http://pcottle.github.io/learnGitBranching,['tutorial'],"['git', 'git branching']","['advanced', 'intermediate', 'beginner']"
99,100,Learn Go in Y minutes,https://learnxinyminutes.com/docs/go,['tutorial'],['Go'],['beginner']
100,101,Learning HTML: Guides and Tutorials,https://developer.mozilla.org/en-US/docs/Learn/HTML,"['guidelines', 'reference']",['html'],['intermediate']
101,102,Learning to Program in Go Video Series,https://www.youtube.com/playlist?list=PLei96ZX_m9sVSEXWwZi8uwd2vqCpEm4m6,"['video', 'tutorial']",['Go'],"['beginner', 'intermediate']"
102,103,"Learn JavaScript Unit Testing with Mocha, Chai and Simon",https://www.udemy.com/learn-javascript-unit-testing-with-mocha-chai-and-sinon,"['interactive course', 'tutorial']","['general programming', 'javascript']",['advanced']
103,104,Learn Python with Games,http://www.checkio.org,['game'],['python'],"['beginner', 'intermediate']"
104,105,Learn Ruby with the EdgeCase Ruby Koans,http://rubykoans.com,"['tutorial', 'book']",['ruby'],"['beginner', 'intermediate']"
105,106,Learn to code the hard way,http://cli.learncodethehardway.org,['book'],['cli'],"['beginner', 'intermediate']"
106,107,"Learn to Program, by Chris Pine",http://it-ebooks.info/book/36,['book'],"['ruby', 'learn to code']",['beginner']
107,108,Learn To Style HTML With CSS Tags,https://developer.mozilla.org/en-US/docs/Learn/CSS,"['guidelines', 'reference', 'tutorial']",['css'],['beginner']
108,109,"Linux Fundamentals, Part 1","http://www.funtoo.org/Linux_Fundamentals,_Part_1",['tutorial'],"['misc', 'linux']","['beginner', 'intermediate', 'advanced']"
109,110,Madona Syombua | YouTube,https://www.youtube.com/channel/UCaP1Jt-D1hiZyb6bY7NSqKQ/about,['video'],['mobile app development Kotlin machine learning java android'],['intermediate']
110,111,Matasano Crypto Challenges,http://cryptopals.com,"['hacking challenges', 'demo apps']",['security'],"['beginner', 'intermediate', 'advanced']"
111,112,MIT 6.087 Practical Programming in C (taught January IAP 2010),http://ocw.mit.edu/courses/electrical-engineering-and-computer-science/6-087-practical-programming-in-c-january-iap-2010,['tutorial'],"['c', 'c++']","['beginner', 'intermediate']"
112,113,MIT 6.088 Intro to C Memory Mgmt and C++ Object-Oriented Prog. (taught January IAP 2010),http://ocw.mit.edu/courses/electrical-engineering-and-computer-science/6-088-introduction-to-c-memory-management-and-c-object-oriented-programming-january-iap-2010,['tutorial'],"['c', 'c++']","['beginner', 'intermediate']"
113,114,MIT 6.096 Introduction to C++ (taught January IAP 2011),http://ocw.mit.edu/courses/electrical-engineering-and-computer-science/6-096-introduction-to-c-january-iap-2011,['tutorial'],"['c', 'c++']","['beginner', 'intermediate']"
114,115,MIT 6.S096 Effective Programming in C and C++ (taught January IAP 2014),http://ocw.mit.edu/courses/electrical-engineering-and-computer-science/6-s096-effective-programming-in-c-and-c-january-iap-2014,['tutorial'],"['c', 'c++']","['beginner', 'intermediate']"
115,116,MIT 6.S096 Introduction to C and C++ (taught January IAP 2013),http://ocw.mit.edu/courses/electrical-engineering-and-computer-science/6-s096-introduction-to-c-and-c-january-iap-2013,['tutorial'],"['c', 'c++']","['beginner', 'intermediate']"
116,117,MIT OpenCourseWare,http://ocw.mit.edu/courses/electrical-engineering-and-computer-science/6-00-introduction-to-computer-science-and-programming-fall-2008/video-lectures,"['school', 'training']",['schools'],"['beginner', 'intermediate', 'advanced']"
117,118,Mozilla's Javascript Tutorial,https://developer.mozilla.org/en-US/docs/Web/JavaScript,['guide'],['javascript'],"['beginner', 'intermediate']"
118,119,Neural Networks for Machine Learning,https://www.coursera.org/course/neuralnets,"['reference', 'tutorial']","['misc', 'machine learning']","['beginner', 'intermediate', 'advanced']"
119,120,NewCoder.io,http://newcoder.io,['tutorial'],['python'],"['beginner', 'intermediate']"
120,121,Nodeschool,http://nodeschool.io,"['tutorial', 'reference']",['javascript'],"['beginner', 'intermediate']"
121,122,Objective-C Programming: The Big Nerd Ranch Guide (2nd Edition):,http://www.amazon.com/Objective-C-Programming-Ranch-Guide-Guides/dp/032194206X/ref=sr_1_1?s=books&ie=UTF8&qid=1440459142&sr=1-1&keywords=objective+c&pebp=1440459145149&perid=0AX7W4FGDD464TBJAAYZ,['book'],"['iOS', 'objective c']","['beginner', 'intermediate']"
122,123,One month Rails $$,https://onemonth.com/courses/one-month-rails,"['video', 'tutorial']",['ruby'],"['beginner', 'intermediate']"
123,124,Original Coding Style Conventions for Java from Sun,http://www.oracle.com/technetwork/java/codeconvtoc-136057.html,['style guide'],['java'],"['beginner', 'intermediate', 'advanced']"
124,125,OverTheWire WarGames,http://overthewire.org/wargames,"['hacking challenges', 'demo apps']",['security'],"['beginner', 'intermediate', 'advanced']"
125,126,OWASP Security Shepard ,https://www.owasp.org/index.php/OWASP_Security_Shepherd,"['hacking challenges', 'demo apps']",['security'],"['beginner', 'intermediate', 'advanced']"
126,127,picoCTF -- Carnegie Mellon University's CTF training app,https://picoctf.com,['game'],"['security', 'ctf']","['beginner', 'intermediate']"
127,128,Pluralsight Classes for Go,https://www.pluralsight.com/search.html?q=golang&categories=all,"['video', 'tutorial']",['Go'],"['beginner', 'intermediate']"
128,129,Pragmatic studio Rails course $$,https://pragmaticstudio.com/rails,"['video', 'tutorial']",['ruby'],"['beginner', 'intermediate']"
129,130,Pro Git,http://git-scm.com/book/en/v2,['book'],['git'],"['beginner', 'intermediate']"
130,131,Programr | Online IT Lab,http://www.programmr.com,['lab'],"['python', 'android', 'iOS', 'angularjs', 'ajax', 'c++', 'c#', 'flash', 'html', 'css', 'java', 'jquery', 'js', 'j2ee', 'php', 'ruby', 'sql']","['beginner', 'intermediate', 'advanced']"
131,132,Project Euler,https://projecteuler.net,['tutorial'],['algorithms'],"['beginner', 'intermediate']"
132,133,Python Introduction - Google's Python Class,https://developers.google.com/edu/python/introduction?csw=1,['tutorial'],['python'],"['beginner', 'intermediate']"
133,134,Rails Girls Guides - Rails Girls,http://guides.railsgirls.com,['tutorial'],['ruby'],"['beginner', 'intermediate']"
134,135,Ray Wenderlich tutorials,http://www.raywenderlich.com,"['tutorial', 'video']",['iOS'],"['beginner', 'intermediate']"
135,136,React js Tutorial -How Redux Works,https://www.youtube.com/watch?v=1w-oQ-i1XB8&list=PLoYCgNOIyGADILc3iUJzygCqC8Tt3bRXt,"['video', 'tutorial']","['general programming', 'learn to code']",['advanced']
136,137,Real Python,https://realpython.com,['tutorial'],['python'],"['beginner', 'intermediate']"
137,138,Ruby Best Practices - Book,https://practicingruby.com,['book'],['ruby'],"['beginner', 'intermediate']"
138,139,$ Ruby cheat browse ,http://cheat.errtheblog.com,['reference'],['ruby'],"['beginner', 'intermediate', 'advanced']"
139,140,Ruby in 100 minutes - Jumpstart Lab Curriculum,http://tutorials.jumpstartlab.com/projects/ruby_in_100_minutes.html,['tutorial'],['ruby'],"['beginner', 'intermediate']"
140,141,RubyMonk,https://rubymonk.com,"['interactive course', 'tutorial']",['ruby'],"['beginner', 'intermediate']"
141,142,Ruby.on-page.net ,http://ruby.on-page.net,['tutorial'],['ruby'],"['beginner', 'intermediate']"
142,143,Ruby on Rails Guides,http://edgeguides.rubyonrails.org,['guide'],['ruby'],"['beginner', 'intermediate']"
143,144,Ruby on Rails Screencasts,http://railscasts.com,['video'],['ruby'],"['beginner', 'intermediate']"
144,145,Ruby on Rails Tutorial,http://ruby.railstutorial.org,['book'],['ruby'],"['beginner', 'intermediate']"
145,146,Ruby Quiz,http://rubyquiz.com,['quiz'],['ruby'],"['beginner', 'intermediate']"
146,147,SASS for Web Designers,http://www.abookapart.com/products/sass-for-web-designers,['book'],"['css', 'sass']","['intermediate', 'beginner']"
147,148,Secure Coding Guidelines for Java SE,http://www.oracle.com/technetwork/java/seccodeguide-139067.html,['guidelines'],['java'],"['beginner', 'intermediate', 'advanced']"
148,149,Smalltalk-72 Manual,http://bitsavers.informatik.uni-stuttgart.de/pdf/xerox/parc/techReports/Smalltalk-72_Instruction_Manual_Mar76.pdf,['book'],['smalltalk'],"['beginner', 'intermediate']"
149,150,Smalltalk: An Introduction to Application Development Using VisualWorks,https://books.google.co.in/books?id=zalQAAAAMAAJ&q=smalltalk&dq=smalltalk&hl=en&sa=X&ved=0CCgQ6AEwAmoVChMIw63Vo6CpyAIV0HGOCh3S2Alf,['book'],['smalltalk'],"['beginner', 'intermediate']"
150,151,Smalltalk Cheatsheet,http://www.angelfire.com/tx4/cus/notes/smalltalk.html,"['cheatsheet', 'reference']",['smalltalk'],"['beginner', 'intermediate']"
151,152,"Smalltalk, Objects, and Design",https://books.google.co.in/books?id=W8_Une9cbbgC&printsec=frontcover&dq=smalltalk&hl=en&sa=X&ved=0CCIQ6AEwAWoVChMIw63Vo6CpyAIV0HGOCh3S2Alf#v=onepage&q=smalltalk&f=false,['book'],['smalltalk'],"['beginner', 'intermediate']"
152,153,Square's Intro to D3.JS,http://square.github.io/intro-to-d3,['tutorial'],['javascript'],"['beginner', 'intermediate']"
153,154,Stack Overflow,http://stackoverflow.com,['help forum'],['misc'],"['beginner', 'intermediate', 'advanced']"
154,155,Stanford School of Engineering,https://see.stanford.edu,"['school', 'training']",['schools'],"['beginner', 'intermediate', 'advanced']"
155,156,Swift by Sundell,https://www.swiftbysundell.com,"['tips', 'article', 'podcast', 'video', 'tutorial']","['mobile app development', 'swiftUI', 'swift', 'iOS']",['intermediate']
156,157,Swift for Good,https://www.swiftforgood.com,['book'],"['iOS App Development', 'swiftUI', 'swift']",['beginner']
157,158,Teaching Kids Programming Designed,http://teachingkidsprogramming.org,"['tutorial', 'kids']",['java'],['beginner']
158,159,The Magic of CSS,http://adamschwartz.co/magic-of-css,"['reference', 'tutorial']",['css'],['intermediate']
159,160,The Missing Manual for JavaScript & JQuery,http://www.amazon.com/JavaScript-jQuery-The-Missing-Manual/dp/1449399029,['book'],['javascript'],"['intermediate', 'beginner']"
160,161,The Well-Grounded Rubyist ,http://www.amazon.com/Well-Grounded-Rubyist-David-Black/dp/1933988657,['book'],['ruby'],"['beginner', 'intermediate']"
161,162,Treehouse,https://teamtreehouse.com,"['lab', 'interactive course', 'video', 'tutorial']","['design', 'php', 'iOS', 'android', 'java', 'c#', 'game development', 'databases', 'wordpress', 'html', 'css', 'javascript', 'ruby']","['intermediate', 'beginner']"
162,163,Try Git,https://try.github.io,['tutorial'],['git'],['beginner']
163,164,Tryruby.org,http://tryruby.org/levels/1/challenges/0,['interactive course'],['ruby'],"['beginner', 'intermediate']"
164,165,Try SQL - Code School,https://www.codeschool.com/courses/try-sql,['tutorial'],['sql'],"['beginner', 'intermediate']"
165,166,Tutorials Point,http://www.tutorialspoint.com/javascript,['tutorial'],['javascript'],"['beginner', 'intermediate']"
166,167,Udemy,https://www.udemy.com,"['podcast', 'video', 'tutorial']","['nodejs', 'rails', 'python', 'php', 'iOS', 'android', 'java', 'c#', 'html', 'css', 'javascript', 'ruby']","['intermediate', 'beginner']"
167,168,Udemy: Learn the Foundations of HTML,https://blog.udemy.com/learn-html-learn-the-foundations-of-html,"['tutorial', 'reference']","['html', 'css']",['beginner']
168,169,Udemy: Python Basics - Bootcamp,https://www.udemy.com/course/python-basics-bootcamp,['training practice guide tutorial'],['python'],['beginner']
169,170,VIM Adventures,http://vim-adventures.com,['game'],"['misc', 'vim']","['beginner', 'intermediate', 'advanced']"
170,171,Visualgo - Animated visualizations for algorithms,http://visualgo.net,['tutorial'],['algorithms'],"['beginner', 'intermediate']"
171,172,w3schools.com,http://www.w3schools.com,"['reference', 'tutorial']","['html', 'css', 'javascript']",['beginner']
172,173,Write SwiftUI Entirely on an iPad Using Swift Playgrounds,https://medium.com/better-programming/write-swiftui-entirely-on-an-ipad-using-swift-playgrounds-f48364e50c9a,"['article', 'tutorial']","['swift playgrounds', 'ipad', 'iOS App Development', 'swiftUI', 'swift', 'iOS']",['beginner']
